<?xml version="1.0" encoding="UTF-8" ?>
<!DOCTYPE mapper PUBLIC "-//mybatis.org//DTD Mapper 3.0//EN" 
	"http://mybatis.org/dtd/mybatis-3-mapper.dtd">

<mapper namespace="com.ssafy.mtest.model.ProductMapper">

	<resultMap type="ProductDto" id="product">
		<result column="code" property="code" />
		<result column="model" property="model" />
		<result column="price" property="price" />
		<result column="regist_date" property="regist_date" />
		<result column="detail" property="detail" />

	</resultMap>
	
	<select id="findAll" resultMap="product">
		select *
		from product;
	</select>
	
	<select id="findById" parameterType="String" resultMap="product">
		select *
		from product
		where id = #{id};
	</select>
	
	<insert id="insert" parameterType="ProductDto">	
		insert into product
		value(#{code}, #{model}, #{price}, #{id}, now(), #{detail});
	</insert>
	
	<update id="update" parameterType="ProductDto">
		update product set model = #{model}, price = #{price}, detail = #{detail}
		where code = #{code};
	</update>
	
	<select id="findByCode" parameterType="String" resultMap="product">
		select *
		from product
		where code = #{code};
	</select>
	
	<delete id="delete" parameterType="String">
		delete from product
		where code = #{code};
	</delete>
	
	<select id="search" parameterType="Map" resultMap="product">
		select *
		from product
		where date_format(regist_date, '%Y-%m-%d') = #{date, jdbcType=DATE}
		<if test ='#{id} != "admin"'>
		and id = #{id}
		</if>
		;
	</select>



</mapper>