<?xml version="1.0" encoding="UTF-8" ?>
<!DOCTYPE mapper PUBLIC "-//mybatis.org//DTD Mapper 3.0//EN" 
	"http://mybatis.org/dtd/mybatis-3-mapper.dtd">

<mapper namespace="com.ssafy.mtest.model.UserMapper">

	<resultMap type="UserDto" id="user">
		<result column="id" property="id" />
		<result column="name" property="name" />
		<result column="password" property="password" />
		<result column="join_date" property="join_date" />
		
	</resultMap>

	<select id="login" parameterType="UserDto" resultMap="user">
		select *
		from members
		where id = #{id} and password = #{password};
	</select>


</mapper>