<?xml version="1.0" encoding="UTF-8" ?>
<!DOCTYPE mapper PUBLIC "-//mybatis.org//DTD Mapper 3.0//EN" 
	"http://mybatis.org/dtd/mybatis-3-mapper.dtd">

<mapper namespace="com.ssafy.ws.model.mapper.MovieMapper">

	<resultMap type="Movie" id="movie">
		<result column="ID" property="id" />
		<result column="Title" property="title" />
		<result column="Director" property="director" />
		<result column="Genre" property="genre" />
		<result column="RunningTime" property="runningTime" />
		<result column="img" property="img" />
	</resultMap>
	
	<select id="showAll" resultMap="movie">
		select *
		from movies;
	</select>
	
	<insert id="regist" parameterType="Movie">
		insert into movies (Title, Director, Genre, RunningTime, img)
		values(#{title}, #{director}, #{genre}, #{runningTime}, #{orgImg});
	</insert>
	
	<select id="show" resultMap="movie" parameterType="int">
		select *
		from movies
		where ID = ${id};
	</select>
	
	<delete id="delete" parameterType="int">
		delete from movies
		where ID = ${id};
	</delete>
	
	<update id="update" parameterType="Movie">
		update movies set Title = #{title}, Director = #{director}, Genre = #{genre}, RunningTime = #{runningTime}, img = #{orgImg}
		where ID = 15;
	</update>


</mapper>