<?xml version="1.0" encoding="UTF-8"?>
<!DOCTYPE mapper PUBLIC "-//mybatis.org//DTD Mapper 3.0//EN" 
	"http://mybatis.org/dtd/mybatis-3-mapper.dtd">
	
<mapper namespace="com.ssafy.movie.model.mapper.MovieMapper">

	<resultMap type="movieDto" id="movie">
		<result column="id" property="movieId"/>
		<result column="title" property="movieTitle"/>
		<result column="director" property="movieDirector"/>
		<result column="genre" property="movieGenre"/>
		<result column="runningtime" property="movieRunningTime"/>
<!-- 		<result column="img" property="movieImg"/> -->
	</resultMap>
	
	
<!-- 	C -->
	<insert id="writeMovie" parameterType="movieDto">
		insert into movies (title, director, genre, runningtime)
		values (#{movieTitle}, #{movieDirector}, #{movieGenre}, #{movieRunningTime})
	</insert>
	
<!-- 	R -->
	<select id="listMovie" resultMap="movie">
		select id, title, director, genre, runningtime
		from movies
		order by id
	</select>
	
	<select id="getMovie" parameterType="int" resultMap="movie">
		select id, title, director, genre, runningtime
		from movies
		where id = #{movieId}
	</select>
	
<!-- 	U -->
	<update id="modifyMovie" parameterType="movieDto">
		update movies
		set title=#{movieTitle}, director=#{movieDirector}, genre=#{movieGenre}, runningtime=#{movieRunningTime}
		where id = #{movieId}
	</update>
	
	<delete id="deleteMovie" parameterType="int">
		delete from movies
		where id = #{movieId}
	</delete>

</mapper>