<?xml version="1.0" encoding="UTF-8"?>
<!DOCTYPE mapper PUBLIC "-//mybatis.org//DTD Mapper 3.0//EN" 
	"http://mybatis.org/dtd/mybatis-3-mapper.dtd">
	
<mapper namespace="com.ssafy.user.model.mapper.UserMapper">
	<resultMap type="userDto" id="user">
		<result column="id" property="userId"/>
		<result column="name" property="userName"/>
	</resultMap>
	
	<select id="idCheck" parameterType="String" resultType="int">
		select count(id)
		from user
		where id = #{userid}
	</select>
	
	<insert id="joinUser" parameterType="userDto">
		insert into user (id, name, pass)
		values (#{userId}, #{userName}, #{userPass})
	</insert>
	
	<select id="loginUser" parameterType="map" resultMap="user">
		select id, name
		from user
		where id = #{userid} and pass = #{userpass}
	</select>

</mapper>