<?xml version="1.0" encoding="UTF-8"?>
<beans:beans xmlns="http://www.springframework.org/schema/mvc"
	xmlns:xsi="http://www.w3.org/2001/XMLSchema-instance"
	xmlns:beans="http://www.springframework.org/schema/beans"
	xmlns:context="http://www.springframework.org/schema/context"
	xsi:schemaLocation="http://www.springframework.org/schema/mvc https://www.springframework.org/schema/mvc/spring-mvc.xsd
		http://www.springframework.org/schema/beans https://www.springframework.org/schema/beans/spring-beans.xsd
		http://www.springframework.org/schema/context https://www.springframework.org/schema/context/spring-context.xsd">
		
<!-- Web 적인 요소: ViewResolver, Resource, Controller, Interceptor, File upload, download -->

<!-- spring annotation을 활성화 -->
	<annotation-driven />
	
<!-- resource 설정 -->
	<!-- <resources mapping="/resources/**" location="/resources/" /> -->
	<!-- <resources mapping="/img/**" location="/resources/img/" />
	<resources mapping="/css/**" location="/resources/css/" />
	<resources mapping="/js/**" location="/resources/js/" /> -->
	<resources mapping="/assets/**" location="/resources/assets/" />
	
<!-- ViewResolver 설정 -->
	<beans:bean class="org.springframework.web.servlet.view.InternalResourceViewResolver">
		<beans:property name="prefix" value="/WEB-INF/views/" />
		<beans:property name="suffix" value=".jsp" />
	</beans:bean>
	
<!-- Controller 설정 -->
	<context:component-scan base-package="com.ssafy.*.controller" />
	
<!-- Interceptor 설정 -->
	<beans:bean id="confirm" class="com.ssafy.interceptor.ConfirmInterceptor"/>

	<interceptors>
		<interceptor>
		
			<!-- 해당 interceptor를 언제 실행할 것이냐 -->
			<!-- <mapping path="/article/*"/> -->
			<mapping path="/movie/write"/>
			<mapping path="/movie/view"/>
			<mapping path="/movie/modify"/>
			<mapping path="/movie/delete"/>
			<!-- <exclude-mapping path="/user/log*"/> -->
			
			<!-- <beans:bean class="com.ssafy.interceptor.ConfirmInterceptor"/> -->
			<beans:ref bean="confirm"/>
		</interceptor>
	</interceptors>
	
</beans:beans>