<beans:beans
	xmlns="http://www.springframework.org/schema/mvc"
	xmlns:xsi="http://www.w3.org/2001/XMLSchema-instance"
	xmlns:beans="http://www.springframework.org/schema/beans"
	xmlns:context="http://www.springframework.org/schema/context"
	xsi:schemaLocation="http://www.springframework.org/schema/mvc https://www.springframework.org/schema/mvc/spring-mvc.xsd
		http://www.springframework.org/schema/beans https://www.springframework.org/schema/beans/spring-beans.xsd
		http://www.springframework.org/schema/context https://www.springframework.org/schema/context/spring-context.xsd">

	<annotation-driven />

	<!-- 컴포넌트 스캔의 범위 지정 범위 지정 가능 -->
	<context:component-scan base-package="com.ssafy.ws.controller, com.ssafy.ws.interceptor" />

	<!-- 정적 리소스 스캔할 수 있게 매핑 /resources/~ 로 접근하면 /resources 로 이동시킴 -->
	<resources mapping="/resources/**" location="/resources" />

	<!-- InternalResourceViewResolver 라는 내부 뷰리졸버(1개만 존재가능) 생성 (앞, 뒤에 붙이기) -->
	<beans:bean
		class="org.springframework.web.servlet.view.InternalResourceViewResolver">
		<beans:property name="prefix" value="/WEB-INF/views/" />
		<beans:property name="suffix" value=".jsp" />
	</beans:bean>

	<!-- /regist 매핑에 대해 sessionInterceptor 로 빈등록되있는 인터셉터 매핑 -->
	<interceptors>
		<interceptor>
			<mapping path="/regist" />
			<beans:ref bean="sessionInterceptor" />
		</interceptor>
	</interceptors>

	<!-- 멀티파트 리졸버 빈생성 -->
	<beans:bean id="multipartResolver" class="org.springframework.web.multipart.support.StandardServletMultipartResolver"></beans:bean>

</beans:beans>